index,match_id,duration,first_blood_time,radiant_win,region
0,7723956234,1843,0,True,3
1,7723925265,1782,74,False,5
2,7723923401,2054,71,False,3
3,7723905806,2066,40,False,3
4,7723895005,1804,169,False,3
5,7723879292,1411,69,True,5
6,7723874904,1444,143,False,3
7,7723863928,1922,10,False,3
8,7723858794,2067,0,False,3
9,7723847486,2069,350,True,3
10,7723824243,2108,332,True,3
11,7723817166,2478,188,True,3
12,7723808402,1548,271,False,3
13,7723799474,2102,43,True,3
14,7723788168,1518,253,True,3
15,7723779300,2300,135,True,3
16,7723772079,1542,311,True,3
17,7723752158,1788,72,False,3
18,7723748278,1344,51,False,3
19,7723743282,1380,295,False,3
20,7723741803,2638,104,False,3
21,7723733668,1045,38,True,5
22,7723723566,2667,76,False,5
23,7723713607,1634,113,True,3
24,7723705468,2434,140,False,3
25,7723703601,1528,8,True,5
26,7723701641,1878,185,False,3
27,7723681145,2029,0,True,5
28,7723679463,1415,403,False,3
29,7723672106,1299,76,True,5
30,7723670279,1768,428,True,3
31,7723666843,2184,21,False,3
32,7723647688,1380,187,True,3
33,7723639814,1788,168,False,3
34,7723634921,2156,33,False,3
35,7723629386,2538,131,False,5
36,7723618958,1470,368,False,3
37,7723611932,1862,185,True,3
38,7723600365,2026,149,False,3
39,7723586867,1572,409,True,3
40,7723586410,1786,261,True,3
41,7723572370,1705,111,False,3
42,7723548711,1466,267,True,3
43,7723502036,1274,241,True,3
44,7723470302,2334,164,False,3
45,7723432380,3080,51,False,3
46,7723400876,2045,158,False,3
47,7723370320,1714,83,False,3
48,7723331909,2090,93,False,3
49,7723264905,1947,382,False,3
50,7723216836,1793,203,True,3
51,7723212451,1938,309,True,3
52,7723123992,2373,69,True,3
53,7723027238,1907,232,True,3
54,7722903998,635,0,False,8
55,7722866797,1486,0,True,3
56,7722833713,1829,6,True,8
57,7722793232,1418,4,False,8
58,7722758772,2443,60,False,8
59,7722738889,1800,179,True,8
60,7722731033,2112,223,False,8
61,7722662542,2713,0,True,8
62,7722607536,2153,177,False,3
63,7722587421,2163,164,True,8
64,7722586628,1830,122,False,8
65,7722581129,2207,141,False,8
66,7722579033,1351,82,False,8
67,7722489116,1886,219,True,8
68,7722485873,2360,24,False,3
69,7722477872,652,135,False,8
70,7722469133,1129,0,True,8
71,7722464280,1304,40,True,8
72,7722461575,1669,152,False,8
73,7722389755,1245,0,False,8
74,7722365590,1699,101,False,8
75,7722349605,1939,0,True,8
76,7722342359,2367,52,True,3
77,7722303279,2630,119,True,5
78,7722274605,1102,0,False,8
79,7722203426,1288,68,True,5
80,7722180646,2838,0,False,8
81,7722160733,3953,126,False,5
82,7722153221,1933,0,True,3
83,7722150003,1370,177,False,5
84,7722117542,1657,10,False,8
85,7722078738,1784,107,False,5
86,7722056348,2278,144,False,3
87,7722052406,1536,101,True,3
88,7721988614,1334,0,False,8
89,7721973956,2533,0,True,5
90,7721973005,2407,118,False,3
91,7721917973,1881,73,True,8
92,7721914409,1390,237,False,3
93,7721914141,1262,57,False,5
94,7721876502,1054,90,True,5
95,7721858189,3450,0,True,5
96,7721857522,1983,77,False,3
97,7721828297,1221,6,True,5
98,7721813317,1650,120,False,3
99,7721761880,1678,118,True,3
100,7721755460,3247,0,False,5
101,7721721938,1532,251,False,3
102,7721685845,1521,170,False,3
103,7721644389,1728,263,True,3
104,7721563087,2744,147,True,3
105,7721534574,1745,86,False,3
106,7721499828,2033,204,True,3
107,7721435116,2218,170,False,3
108,7721375601,2277,106,False,3
109,7721346065,1954,0,False,3
110,7721304091,2483,221,False,3
111,7721240731,1770,67,True,3
112,7721240371,2994,162,True,3
113,7721109330,2334,269,False,3
114,7720960645,3006,290,False,3
115,7720878142,1755,20,False,3
116,7720834814,1397,8,False,8
117,7720731784,1887,0,True,8
118,7720722801,2643,132,True,3
119,7720560089,2735,337,False,3
120,7720503806,2263,0,False,8
121,7720460165,1994,0,True,3
122,7720422093,1292,0,True,8
123,7720332990,2527,72,True,3
124,7720283661,1227,0,False,3
125,7720196768,2179,109,True,3
126,7720190073,1847,15,True,3
127,7720169390,1297,395,False,5
128,7720121830,1247,0,False,5
129,7720095995,1537,55,True,3
130,7720078894,1259,2,False,5
131,7720067650,2723,107,False,3
132,7720011769,2268,5,False,3
133,7719969870,1513,84,True,5
134,7719918203,1780,274,False,5
135,7719865554,2223,0,False,17
136,7719865298,1811,101,False,5
137,7719804333,2059,0,True,17
138,7719579896,2314,241,True,3
139,7719552368,1728,5,False,3
140,7719517409,2092,115,False,3
141,7719481996,1802,0,False,3
142,7719434727,1812,242,True,3
143,7719375522,1944,41,False,3
144,7719320585,1656,82,True,3
145,7719016310,1605,168,False,8
146,7719000972,1925,0,False,3
147,7718940502,1471,112,True,8
148,7718926458,1650,0,True,3
149,7718902878,1734,52,False,3
150,7718869441,1170,81,False,8
151,7718858925,1514,126,True,3
152,7718778415,1932,250,False,3
153,7718777204,1955,9,True,8
154,7718769719,1800,81,True,3
155,7718741675,1883,76,True,8
156,7718708208,1270,22,False,8
157,7718699658,1514,181,False,3
158,7718614277,1647,254,False,3
159,7718607336,2288,204,True,3
160,7718569520,2144,3,False,8
161,7718545087,1618,298,True,3
162,7718483797,2981,0,True,3
163,7718482667,1511,115,True,3
164,7718478375,2365,0,True,3
165,7718465384,2191,218,True,8
166,7718412889,2109,131,False,3
167,7718374515,1664,38,True,5
168,7718372266,2777,0,True,3
169,7718353339,2536,91,False,5
170,7718333951,1464,237,True,3
171,7718329488,1582,11,True,8
172,7718317955,3049,165,False,3
173,7718304511,2025,107,True,3
174,7718293253,1275,51,False,3
175,7718286875,2175,54,False,3
176,7718266959,3067,6,True,5
177,7718249895,1480,0,False,3
178,7718249783,3081,5,True,8
179,7718191684,2231,135,False,5
180,7718181044,1772,104,True,3
181,7718176256,1711,227,False,5
182,7718170917,1824,164,True,3
183,7718167781,3311,0,True,8
184,7718155306,1686,239,False,3
185,7718136009,1361,112,True,3
186,7718127308,1829,172,True,5
187,7718118108,1381,214,False,5
188,7718116753,1673,234,True,3
189,7718109166,1177,104,False,5
190,7718099215,1585,0,True,3
191,7718089766,2069,131,False,3
192,7718078088,1796,350,False,3
193,7718076676,1234,57,False,5
194,7718072423,1557,125,True,5
195,7718058072,1778,0,True,3
196,7718045003,2008,138,False,3
197,7718040519,1944,261,False,3
198,7718021044,1909,93,False,5
199,7718020047,2038,101,False,3
200,7718009592,1929,86,False,3
201,7718008889,1735,234,True,3
202,7717983327,1991,8,True,3
203,7717980614,1766,493,True,3
204,7717978704,1548,318,False,3
205,7717944337,1837,345,False,3
206,7717870995,1820,120,False,3
207,7717846183,1633,132,False,3
208,7717821441,1626,56,False,3
209,7717794851,1772,203,True,3
210,7717767588,1740,125,True,3
211,7717732938,1831,228,True,3
212,7717693287,1787,410,True,3
213,7717656178,1686,54,True,3
214,7717607009,1951,274,True,3
215,7717574951,1847,215,True,3
216,7717481930,2086,367,False,3
217,7717369079,2228,251,True,3
218,7717352079,1847,100,True,3
219,7717317517,1656,151,False,8
220,7717277018,1592,116,False,3
221,7717209834,2645,2,True,8
222,7717196941,1888,140,False,3
223,7717120872,1400,113,True,8
224,7717035183,1616,35,True,3
225,7716979372,2696,105,True,8
226,7716934124,1738,545,True,3
227,7716909071,1435,232,True,8
228,7716869143,1593,271,True,3
229,7716813674,1790,3,True,8
230,7716806803,1708,209,False,3
231,7716796011,1313,68,False,3
232,7716724170,1594,15,True,3
233,7716697572,1496,189,True,3
234,7716693953,2116,0,False,8
235,7716665819,1055,0,True,5
236,7716665738,2106,119,False,3
237,7716663098,2029,146,True,5
238,7716653833,1727,112,True,3
239,7716650838,1909,21,False,3
240,7716635117,1145,104,False,5
241,7716634082,1856,8,True,8
242,7716603570,1937,163,True,3
243,7716598778,1917,369,False,3
244,7716595869,1316,0,False,5
245,7716593877,1663,266,True,3
246,7716592900,2068,0,True,5
247,7716557334,1870,111,False,3
248,7716552395,2364,337,True,8
249,7716546710,2266,125,False,3
250,7716519574,1750,95,True,3
251,7716508168,1817,313,False,3
252,7716501701,973,0,True,5
253,7716501633,1855,17,False,3
254,7716493932,3453,128,True,5
255,7716491024,2544,27,False,8
256,7716472947,1794,9,False,3
257,7716470173,1292,197,True,3
258,7716457963,1777,0,True,5
259,7716451058,2179,212,True,3
260,7716439318,2258,62,False,5
261,7716436472,1607,246,False,3
262,7716426048,1922,108,True,3
263,7716422844,1234,3,True,5
264,7716400418,1745,0,True,3
265,7716399640,2615,78,True,3
266,7716393789,1530,355,False,3
267,7716375925,2965,105,False,5
268,7716367657,1856,190,True,3
269,7716359742,1649,145,True,3
270,7716354857,1732,126,True,3
271,7716332401,1814,165,True,3
272,7716323795,1848,157,False,3
273,7716322344,1853,8,False,3
274,7716291900,1776,3,False,3
275,7716170482,1749,7,False,3
276,7716145879,1660,54,True,3
277,7716116360,1687,228,True,3
278,7716079995,2084,17,True,3
279,7716042436,1725,114,True,3
280,7715989130,2087,187,False,3
281,7715966154,2106,0,False,3
282,7715941061,1737,114,True,3
283,7715872732,2964,134,True,3
284,7715856875,1752,89,False,3
285,7715754608,2800,120,True,3
286,7715739072,2213,229,False,3
287,7715724468,1406,250,True,3
288,7715661801,1622,85,False,3
289,7715623034,2354,162,True,3
290,7715590266,1128,520,False,3
291,7715583261,2639,204,True,3
292,7715552818,1215,350,True,3
293,7715546590,1318,68,True,3
294,7715502520,2985,207,False,3
295,7715446234,1277,74,True,3
296,7715391044,1778,108,False,8
297,7715358499,1899,0,True,3
298,7715285990,1547,0,False,5
299,7715283780,1787,89,True,3
300,7715272414,2362,105,True,8
301,7715270814,1946,295,True,3
302,7715176146,1348,54,False,3
303,7715150703,2350,5,False,8
304,7715150612,1976,217,False,3
305,7715135064,905,137,True,3
306,7715082029,1451,298,True,3
307,7715066528,1964,153,True,3
308,7715052743,2897,171,False,8
309,7715021062,1901,402,True,3
310,7715018123,1218,36,False,3
311,7714982068,811,94,False,3
312,7714976546,1210,131,True,3
313,7714968563,2414,0,False,8
314,7714935789,1571,149,False,3
315,7714924028,1473,22,False,3
316,7714911971,2074,0,True,5
317,7714910651,1672,242,False,3
318,7714873004,1506,0,False,5
319,7714867034,2163,6,True,3
320,7714860593,1588,443,True,3
321,7714833927,1749,197,False,3
322,7714827417,2019,92,False,5
323,7714813107,1853,0,True,5
324,7714806986,1714,304,True,3
325,7714802177,2169,0,True,3
326,7714758856,2033,364,False,3
327,7714740749,2422,40,True,3
328,7714738780,2147,127,True,5
329,7714736567,1959,218,True,3
330,7714728449,1444,142,True,5
331,7714706786,1796,134,False,3
332,7714696863,1714,468,True,3
333,7714685458,1717,12,False,3
334,7714675274,1609,115,False,5
335,7714673166,2118,107,True,5
336,7714655732,1804,434,True,3
337,7714647045,2137,66,True,3
338,7714629441,2049,0,False,3
339,7714613007,1796,0,False,5
340,7714607060,2285,448,True,3
341,7714605359,1777,684,False,3
342,7714570780,1932,273,False,3
343,7714570688,1637,585,True,3
344,7714569728,1616,288,True,3
345,7714529165,1845,203,True,3
346,7714412554,1284,147,True,3
347,7714381774,1992,50,True,3
348,7714349570,1813,188,True,3
349,7714311242,1959,147,False,3
350,7714275206,1739,122,True,3
351,7714213131,2166,171,True,3
352,7714178496,1653,47,True,3
353,7714131849,2055,45,False,3
354,7714052316,4066,141,True,3
355,7713958967,1971,0,True,3
356,7713735524,1422,0,False,3
357,7713730879,1710,5,True,3
358,7713687021,1967,108,True,8
359,7713652088,2556,10,False,3
360,7713629244,2136,127,True,3
361,7713600309,2130,34,True,3
362,7713562419,2356,3,False,8
363,7713521815,1791,59,True,3
364,7713503673,2189,27,True,3
365,7713445858,1470,262,False,3
366,7713365391,2195,11,False,3
367,7713350064,1796,145,True,3
368,7713324339,1545,0,False,8
369,7713275839,2175,6,False,3
370,7713270376,1851,83,False,3
371,7713259979,1557,0,True,8
372,7713198792,1828,96,False,3
373,7713192744,1499,187,True,8
374,7713190110,1563,328,True,3
375,7713161443,1739,214,True,3
376,7713151301,2031,0,False,3
377,7713133788,1607,164,False,3
378,7713112464,1657,0,False,3
379,7713105747,1595,54,True,3
380,7713102484,2681,0,False,8
381,7713077276,1966,0,False,3
382,7713069651,1246,7,False,3
383,7713057229,1611,396,False,3
384,7713029702,2214,14,True,13
385,7713028455,2351,0,True,8
386,7713025135,1426,96,True,3
387,7713019531,1984,84,True,3
388,7713006588,1949,102,True,3
389,7713002399,1042,5,True,5
390,7712972130,2237,377,True,3
391,7712966607,2039,119,False,3
392,7712966261,1884,81,False,13
393,7712961635,1338,106,False,5
394,7712954671,1838,116,True,3
395,7712942296,3492,0,True,8
396,7712933529,1606,74,True,3
397,7712906650,2525,123,True,3
398,7712905778,2124,186,True,3
399,7712890964,1669,299,False,3
400,7712890089,1605,104,True,5
401,7712863091,2174,139,False,3
402,7712860155,1400,304,True,3
403,7712857629,2305,118,False,3
404,7712857544,3840,187,True,5
405,7712848206,1243,110,True,5
406,7712830113,1709,197,False,3
407,7712823343,1585,132,False,3
408,7712821398,1985,10,False,3
409,7712805148,2034,233,False,5
410,7712788245,1462,83,False,3
411,7712785739,2018,265,True,3
412,7712781319,2520,48,False,3
413,7712757725,1792,8,True,3
414,7712757344,1505,349,True,3
415,7712753255,1681,89,False,3
416,7712717429,1515,122,False,3
417,7712625552,1725,223,False,3
418,7712595420,2009,194,True,3
419,7712562363,1759,52,True,3
420,7712522748,2378,54,False,3
421,7712477336,1814,170,False,3
422,7712426545,2126,252,False,3
423,7712356309,2317,88,False,3
424,7712296639,3220,103,True,8
425,7712230342,1805,4,False,8
426,7712143495,1913,39,False,8
427,7712091880,2600,148,False,8
428,7712088243,1851,288,False,3
429,7712065678,2000,39,True,8
430,7712057373,1964,99,True,3
431,7712019422,1654,6,True,3
432,7711967460,1934,90,False,3
433,7711964486,1462,143,True,8
434,7711925084,2047,114,True,3
435,7711907820,1487,7,False,8
436,7711862862,1824,7,False,3
437,7711832822,1776,0,False,3
438,7711822776,3137,7,False,8
439,7711815593,1428,7,True,8
440,7711751527,1753,92,True,3
441,7711674753,1239,4,False,3
442,7711655309,2878,288,True,8
443,7711654395,2489,0,False,3
444,7711588822,1326,0,True,3
445,7711538240,2943,71,True,8
446,7711532716,2419,0,False,8
447,7711517132,1635,0,True,3
448,7711512501,2415,0,True,3
449,7711469199,1554,10,True,8
450,7711456977,1548,3,True,8
451,7711397400,2719,138,True,3
452,7711369388,1828,0,True,8
453,7711357929,2359,92,True,3
454,7711357425,1979,181,True,3
455,7711344401,1875,58,True,3
456,7711314728,1454,449,False,3
457,7711314582,1680,24,False,8
458,7711311664,1558,138,False,3
459,7711305195,1482,63,True,3
460,7711290391,1357,0,True,13
461,7711267596,1427,14,True,8
462,7711259492,1191,0,True,5
463,7711257322,1806,202,False,3
464,7711257299,2040,242,False,3
465,7711256295,2287,120,False,8
466,7711246747,1739,105,True,3
467,7711219886,1222,251,False,5
468,7711216591,1539,198,False,3
469,7711215296,1615,6,False,8
470,7711211671,2692,166,False,13
471,7711210140,1923,61,True,3
472,7711185091,2417,54,False,3
473,7711163629,1666,13,True,3
474,7711162522,2259,239,False,3
475,7711148981,1283,42,False,5
476,7711146709,2684,0,False,8
477,7711146561,1705,215,False,3
478,7711127778,1509,203,False,3
479,7711116477,1690,0,True,13
480,7711114270,1877,150,True,3
481,7711106370,1656,77,True,8
482,7711106298,1552,51,False,5
483,7711103718,1897,15,True,3
484,7711096659,1484,160,True,3
485,7711077450,1783,116,True,3
486,7711071724,1770,189,True,3
487,7711069621,1633,215,True,8
488,7711066250,1540,393,True,3
489,7711052767,3144,343,False,13
490,7711043876,1603,249,True,3
491,7711041474,1193,487,False,3
492,7711031131,2591,231,True,3
493,7711008417,1663,143,False,3
494,7711008362,1950,407,False,3
495,7711007510,2093,24,True,5
496,7710992899,2182,96,True,3
497,7710963376,1726,79,True,5
498,7710962915,1757,216,False,3
499,7710889030,1830,46,True,3
500,7710865731,1798,308,False,38
501,7710859669,1903,152,True,3
502,7710826533,1639,120,True,2
503,7710820487,2662,73,True,3
504,7710810326,2286,0,False,2
505,7710788992,1594,269,False,3
506,7710754545,3885,128,True,unknown
507,7710752429,1682,191,True,3
508,7710741990,3035,246,True,2
509,7710704088,1788,703,True,3
510,7710695923,1969,0,True,15
511,7710672079,1821,40,True,2
512,7710647376,1947,244,True,3
513,7710595004,2381,204,False,15
514,7710592024,1636,200,True,3
515,7710441464,1670,0,False,38
516,7710407901,3188,70,True,unknown
517,7710348304,2411,284,True,3
518,7710315032,2764,68,True,2
519,7710290849,1608,51,False,unknown
520,7710207360,3086,43,False,3
521,7710132855,2141,0,True,8
522,7710095633,1856,0,True,3
523,7710066098,2774,8,True,3
524,7710041298,1558,37,False,8
525,7709979028,1998,152,False,3
526,7709837587,1925,13,False,3
527,7709772208,3430,159,False,3
528,7709733387,1371,1,False,3
529,7709595106,3280,80,False,3
530,7709524399,2022,217,True,8
531,7709510018,2952,181,False,3
532,7709455395,1860,183,False,8
533,7709437276,3339,320,True,5
534,7709422646,1377,101,True,3
535,7709405800,2201,122,False,5
536,7709363487,1794,149,True,3
537,7709348548,1444,0,True,5
538,7709344568,1775,1,True,8
539,7709340060,2944,62,False,5
540,7709309263,1781,46,True,3
541,7709289507,1622,68,False,8
542,7709263187,2974,103,True,5
543,7709258899,1500,6,False,3
544,7709227575,1835,246,False,5
545,7709218477,1412,69,True,5
546,7709207129,1869,478,True,3
547,7709165530,1601,105,False,3
548,7709153245,1583,113,False,5
549,7709147188,2946,0,False,5
550,7709124116,1568,60,False,3
551,7709098033,1801,125,True,5
552,7709079503,1979,197,False,3
553,7709045287,1831,46,True,3
554,7709043093,2051,173,False,5
555,7708964824,2197,42,False,3
556,7708935023,1803,192,True,3
557,7708905008,1792,126,True,3
558,7708871615,1698,254,True,3
559,7708828624,2054,6,True,3
560,7708812429,3173,227,False,2
561,7708768419,2426,141,True,3
562,7708737441,2120,89,False,2
563,7708717497,2967,59,False,3
564,7708711648,1752,135,True,3
565,7708647986,2037,283,False,3
566,7708646033,1881,100,True,2
567,7708577966,2875,213,False,3
568,7708492512,2508,15,False,15
569,7708457781,2930,110,False,3
570,7708341116,3110,7,False,15
571,7708279810,1719,56,True,3
572,7708205107,2199,170,True,3
573,7708181449,2101,55,False,3
574,7708169116,2449,18,False,3
575,7708026712,2203,311,False,3
576,7708000334,3258,72,True,3
577,7707965067,3113,388,False,3
578,7707928980,1794,0,True,3
579,7707840434,1598,0,True,3
580,7707764818,3172,237,False,3
581,7707751863,3288,138,True,3
582,7707732260,1498,237,True,8
583,7707664261,2100,142,True,3
584,7707660658,2126,244,True,3
585,7707657225,1952,132,True,8
586,7707641006,1563,191,True,5
587,7707578090,1660,8,False,5
588,7707558388,2949,94,True,8
589,7707488692,2207,163,True,5
590,7707463826,1254,168,True,5
591,7707437861,2897,201,False,8
592,7707410964,1493,0,True,5
593,7707404176,1777,96,True,5
594,7707362560,2023,114,True,8
595,7707318221,1334,0,True,5
596,7707271756,1127,0,True,5
597,7707248742,2412,315,False,5
598,7707198949,1003,178,True,5
599,7707055782,2420,279,True,15
600,7706933571,1746,173,False,3
601,7706904367,1724,331,True,3
602,7706892890,1834,116,True,15
603,7706880000,2182,187,True,3
604,7706866747,1832,123,False,3
605,7706827441,2084,70,True,15
606,7706825265,1720,94,True,3
607,7706776644,3407,0,True,3
608,7706769042,1765,61,True,3
609,7706707325,2121,73,False,3
610,7706682984,2014,248,True,3
611,7706551337,2596,435,False,3
612,7706539652,2259,59,False,15
613,7706408676,2579,263,False,unknown
614,7706395166,3007,0,False,3
615,7706364242,2511,2,False,8
616,7706360170,2251,145,False,3
617,7706257513,2119,103,True,3
618,7706226073,3031,67,True,8
619,7706202114,4730,219,True,3
620,7706078272,2040,147,True,8
621,7706030717,3055,143,False,8
622,7706002180,1905,0,False,3
623,7705971044,2243,75,False,8
624,7705942105,1613,174,True,8
625,7705871981,2379,0,False,8
626,7705856776,1361,251,True,8
627,7705829352,3253,9,False,3
628,7705756867,1259,4,False,8
629,7705740779,2150,5,False,3
630,7705720550,1630,106,True,3
631,7705705991,1893,261,False,8
632,7705666564,2135,116,False,3
633,7705657452,1349,118,True,3
634,7705655394,1196,7,True,8
635,7705653145,3820,80,True,8
636,7705624457,2464,80,False,5
637,7705621834,1136,85,False,3
638,7705610920,2099,73,False,3
639,7705599168,1487,331,True,3
640,7705590001,1832,0,True,5
641,7705582409,1352,226,True,3
642,7705567990,2254,93,True,8
643,7705567735,1473,203,True,3
644,7705561245,1713,58,True,3
645,7705557154,2482,89,True,5
646,7705555095,1398,0,False,5
647,7705536135,2215,366,False,3
648,7705519254,1712,335,True,3
649,7705517314,1783,252,False,8
650,7705507692,1847,196,True,3
651,7705488242,1701,324,True,3
652,7705484748,699,110,True,5
653,7705463998,1801,59,False,3
654,7705460259,2160,114,True,3
655,7705447352,2042,236,True,3
656,7705446771,1522,249,False,5
657,7705440440,1695,114,True,5
658,7705424525,2021,59,False,3
659,7705418886,2164,39,True,3
660,7705418483,1381,17,True,3
661,7705390863,2055,145,False,5
662,7705389652,1619,67,True,3
663,7705387318,1598,160,True,3
664,7705382559,1833,423,False,3
665,7705356446,1510,86,True,3
666,7705347122,1976,129,True,3
667,7705346212,2265,106,False,3
668,7705317973,1674,91,False,3
669,7705272763,1573,555,True,3
670,7705239962,1646,58,True,3
671,7705209755,1940,253,True,3
672,7705182106,1833,125,True,3
673,7705151026,2221,76,False,3
674,7705106974,2505,84,False,3
675,7705092243,1882,0,False,2
676,7705068245,1560,30,True,3
677,7705038635,2019,188,True,2
678,7705014424,2163,317,False,3
679,7705004749,2501,85,True,8
680,7704966011,1649,184,False,3
681,7704957602,1566,0,True,2
682,7704938587,1878,0,True,8
683,7704864852,1901,0,True,8
684,7704819915,1843,117,True,15
685,7704777804,1322,108,True,8
686,7704757666,3227,126,False,3
687,7704685513,1914,72,True,8
688,7704680511,2994,207,True,15
689,7704575131,2713,77,True,8
690,7704496875,1898,156,False,8
691,7704459920,2104,46,True,3
692,7704430692,2769,33,False,8
693,7704361053,2403,166,False,8
694,7704307968,2785,19,True,8
695,7704262571,2684,32,True,3
696,7704242116,1761,109,False,8
697,7704197024,2229,5,True,8
698,7704136513,1788,0,True,8
699,7704117144,2695,243,False,3
700,7704103400,1475,124,False,3
701,7704058602,2131,0,True,8
702,7704048134,1469,154,False,3
703,7704037431,3173,7,False,8
704,7704010804,2562,139,False,3
705,7703996024,1717,111,False,3
706,7703993151,2040,1,True,8
707,7703978207,1810,229,True,8
708,7703970344,1799,93,True,3
709,7703951073,2655,349,True,5
710,7703944898,1262,152,True,3
711,7703934521,1353,208,False,3
712,7703913425,1247,38,False,8
713,7703902499,2721,137,False,5
714,7703890426,2474,8,True,5
715,7703887289,2053,182,True,3
716,7703879771,2543,218,True,3
717,7703852387,1436,255,False,3
718,7703842834,2363,222,False,5
719,7703835439,2526,19,True,8
720,7703830320,1700,203,True,3
721,7703828566,2197,28,False,5
722,7703826300,1695,146,False,3
723,7703802827,2414,59,False,3
724,7703786438,1895,69,True,3
725,7703785886,1852,110,False,3
726,7703771677,1599,84,True,5
727,7703770676,1657,283,True,3
728,7703751618,1637,58,True,3
729,7703750779,1588,0,True,3
730,7703739107,1388,108,True,3
731,7703734399,1483,10,False,5
732,7703728788,1841,84,True,5
733,7703717161,1292,160,False,3
734,7703711540,1892,85,True,3
735,7703707175,1616,196,True,3
736,7703695073,1430,159,False,5
737,7703679765,1817,86,False,3
738,7703675665,1753,311,False,3
739,7703674950,2194,121,False,3
740,7703646083,1690,206,False,3
741,7703644615,1677,399,False,3
742,7703640885,1990,44,False,3
743,7703607260,1779,251,True,3
744,7703506492,1881,177,False,3
745,7703472243,2246,148,True,3
746,7703444595,1675,108,True,3
747,7703412342,1613,92,True,3
748,7703405609,2731,3,True,15
749,7703373760,2093,311,True,3
750,7703361459,1946,0,False,15
751,7703332950,1596,133,True,3
752,7703270583,2915,3,True,unknown
753,7703270277,2085,208,False,3
754,7703253005,2178,375,True,3
755,7703248953,2786,280,True,3
756,7703246309,1873,0,False,3
757,7703188840,2641,89,False,3
758,7703156749,1670,11,False,15
759,7703129966,2679,88,False,3
760,7703127845,1320,4,True,3
761,7703127841,3172,0,True,3
762,7703122772,2690,18,True,3
763,7703120654,2495,7,True,3
764,7703021576,2095,77,True,3
765,7703014560,2002,336,False,3
766,7703003837,2460,129,False,3
767,7702992543,3062,32,True,unknown
768,7702981469,2505,198,True,3
769,7702954024,2820,7,False,3
770,7702908110,2605,0,False,3
771,7702817490,2773,152,True,3
772,7702805889,1534,208,True,3
773,7702801905,2191,267,False,3
774,7702773107,2852,79,True,3
775,7702770357,2622,138,True,3
776,7702686097,1701,116,True,8
777,7702652392,1898,141,True,3
778,7702650896,3406,107,True,3
779,7702644507,2354,7,False,3
780,7702619232,2988,0,False,3
781,7702586943,1575,127,False,8
782,7702487170,2352,5,True,3
783,7702453309,2417,170,True,3
784,7702450557,1830,200,False,8
785,7702425491,2634,5,False,3
786,7702416925,2415,113,True,3
787,7702363891,1794,10,True,8
788,7702347870,1365,160,True,8
789,7702344755,2623,71,False,3
790,7702333315,3012,0,True,3
791,7702330411,2126,0,False,3
792,7702329438,2016,85,False,3
793,7702307284,998,140,False,8
794,7702298106,1962,204,True,3
795,7702269864,1822,6,False,3
796,7702257423,1535,489,False,3
797,7702250485,2069,78,False,8
798,7702232234,2557,1,True,8
799,7702226225,3306,66,True,5
800,7702223537,1812,69,True,3
801,7702215329,1577,0,False,3
802,7702201124,1736,247,False,8
803,7702200818,2167,141,False,5
804,7702196316,1831,43,True,3
805,7702177199,1723,326,True,3
806,7702171277,2471,123,False,8
807,7702164324,1765,14,True,3
808,7702163343,2470,93,False,5
809,7702162399,1432,140,True,5
810,7702160382,1460,10,False,3
811,7702159419,1856,235,True,8
812,7702130924,2397,200,True,3
813,7702114850,1672,103,False,3
814,7702106032,2093,116,True,8
815,7702096323,1490,10,True,5
816,7702092264,3239,0,False,8
817,7702087166,2131,465,True,3
818,7702070637,1942,132,False,3
819,7702064341,1972,143,True,8
820,7702054263,1852,123,True,3
821,7702052346,2263,119,False,5
822,7702051192,1749,129,False,5
823,7702045083,2533,8,True,8
824,7702037875,1806,352,False,3
825,7702034065,1621,146,True,8
826,7702027127,1371,64,True,3
827,7702007407,2154,0,True,5
828,7702000559,1916,173,True,8
829,7701993362,1970,99,False,3
830,7701992634,1898,329,False,3
831,7701969739,1560,256,False,8
832,7701967358,1531,121,True,3
833,7701963174,1859,0,True,3
834,7701938184,1601,120,True,3
835,7701836733,1742,150,False,3
836,7701807077,2089,15,True,3
837,7701774036,2197,169,False,3
838,7701737158,2299,0,True,3
839,7701722547,2502,168,False,3
840,7701721032,1870,5,True,3
841,7701710708,3069,359,True,3
842,7701694524,1944,197,True,3
843,7701650894,2358,352,True,3
844,7701650681,1783,349,False,3
845,7701649950,2162,114,True,3
846,7701648008,2065,0,True,unknown
847,7701632155,3052,5,True,3
848,7701598286,1600,3,True,3
849,7701598136,553,0,True,unknown
850,7701479793,3774,6,False,3
851,7701474828,4322,0,False,3
852,7701438466,2026,98,False,3
853,7701407156,1526,141,False,2
854,7701334360,2301,8,False,3
855,7701324274,3678,0,False,3
856,7701316798,3819,322,True,3
857,7701304414,2110,71,True,3
858,7701298346,1461,3,False,2
859,7701257984,1937,11,True,3
860,7701233128,1641,0,True,3
861,7701137365,1944,52,True,3
862,7701135629,1488,0,False,3
863,7701081341,4587,214,True,3
864,7701053090,3588,100,True,3
865,7701041455,2427,0,True,3
866,7700971006,2091,19,False,8
867,7700916291,2339,111,False,3
868,7700912604,2957,338,True,3
869,7700827304,2303,86,True,8
870,7700768653,2055,182,True,3
871,7700746302,2474,261,False,3
872,7700727612,2448,0,False,3
873,7700711098,1897,151,False,8
874,7700703405,3191,0,False,3
875,7700689314,2119,228,True,3
876,7700684073,1935,61,False,13
877,7700665772,1037,53,False,3
878,7700655827,1288,154,True,8
879,7700638129,2141,313,True,3
880,7700636218,3161,120,False,3
881,7700633866,2325,341,True,3
882,7700630974,1773,141,True,3
883,7700592530,3116,144,False,13
884,7700587925,1811,138,True,3
885,7700577024,1448,118,True,3
886,7700568289,1767,206,False,3
887,7700550398,2292,0,False,8
888,7700540895,1363,297,False,3
889,7700536306,1456,352,False,3
890,7700532797,1842,0,True,13
891,7700510444,1344,72,False,8
892,7700507799,2170,92,True,3
893,7700506636,1180,256,True,3
894,7700488824,1919,136,False,8
895,7700483345,2105,104,True,3
896,7700465666,2086,139,False,3
897,7700463985,1875,349,False,3
898,7700451523,2996,212,True,5
899,7700444378,2813,136,False,8
900,7700440767,1465,187,True,8
901,7700429875,2165,114,False,3
902,7700420501,2007,93,False,3
903,7700409849,2421,57,False,3
904,7700402158,1851,34,True,5
905,7700393154,1637,104,False,3
906,7700389368,1390,606,False,3
907,7700377491,2878,0,False,5
908,7700370522,1753,185,False,3
909,7700362931,2090,127,True,8
910,7700358940,1645,59,True,3
911,7700353363,2254,9,False,5
912,7700350479,2299,137,False,3
913,7700339319,1882,120,False,3
914,7700332074,1450,133,True,3
915,7700315474,2603,127,False,8
916,7700313858,1969,142,True,3
917,7700313206,3396,140,False,5
918,7700312507,1657,0,False,3
919,7700305069,1420,55,False,3
920,7700273418,2027,170,False,3
921,7700266058,2181,233,False,3
922,7700265951,2433,113,False,3
923,7700245043,1615,112,False,3
924,7700220127,1418,293,False,3
925,7700143270,1841,58,True,3
926,7700114041,1972,366,True,3
927,7700089285,1783,339,True,3
928,7700058048,1775,0,False,3
929,7700034560,1373,0,False,15
930,7700024889,1784,57,True,3
931,7699988030,1702,6,False,3
932,7699985702,1614,74,True,3
933,7699982747,1946,105,True,unknown
934,7699955629,2489,273,False,3
935,7699942711,4246,8,True,3
936,7699937700,1997,114,True,3
937,7699888600,1656,218,True,3
938,7699881503,3358,315,True,3
939,7699879554,3090,187,False,15
940,7699877468,1769,53,False,3
941,7699846505,2874,1,False,3
942,7699768992,2123,0,False,3
943,7699743899,1758,117,True,3
944,7699732938,2355,119,False,15
945,7699722147,1599,120,False,8
946,7699610108,3455,195,False,3
947,7699602043,2558,14,False,3
948,7699601332,2556,356,True,3
949,7699599646,2777,448,True,15
950,7699538252,2674,0,True,8
951,7699534164,1141,0,True,8
952,7699443041,1378,330,False,8
953,7699436705,1892,68,True,8
954,7699381326,4248,5,False,3
955,7699339315,1727,248,True,3
956,7699290234,1944,86,False,3
957,7699284365,1250,9,False,8
958,7699194718,2409,225,True,3
959,7699189839,1635,26,False,3
960,7699188045,3411,300,False,3
961,7699178470,2124,7,True,8
962,7699133303,2494,0,True,5
963,7699056337,1512,17,True,3
964,7699048973,1506,46,False,3
965,7699048962,1664,4,False,8
966,7699046413,1457,64,False,5
967,7699033403,1512,43,False,3
968,7699029231,2223,261,False,3
969,7699013825,2413,150,False,3
970,7698966988,1695,167,True,3
971,7698963516,1801,0,True,8
972,7698955547,2576,111,False,3
973,7698926941,2882,119,True,5
974,7698916654,2038,315,False,3
975,7698912157,3068,0,False,3
976,7698910742,3266,83,True,3
977,7698896109,1975,141,False,3
978,7698886997,1303,68,True,3
979,7698879047,1886,2,False,3
980,7698864047,1269,61,False,3
981,7698855970,1296,206,True,3
982,7698846917,2371,158,True,5
983,7698839777,1391,14,False,3
984,7698824197,1369,51,True,3
985,7698806559,1772,54,False,5
986,7698797636,2114,123,False,3
987,7698796297,2010,0,False,3
988,7698788857,1998,44,True,8
989,7698787469,1705,218,True,3
990,7698771914,2309,132,True,3
991,7698755923,1717,191,False,3
992,7698741421,1941,50,False,3
993,7698732086,1447,52,False,3
994,7698731118,2365,0,False,3
995,7698729664,2181,319,True,5
996,7698728463,2246,91,False,8
997,7698701703,2433,135,False,3
998,7698700834,1582,57,False,3
999,7698694424,1795,509,True,3
1000,7698677710,1908,2,False,8
1001,7698661984,1944,195,False,3
1002,7698658008,1513,227,False,3
1003,7698652838,2009,126,True,3
1004,7698640893,1796,126,True,8
1005,7698632424,1683,97,False,3
1006,7698629382,1525,430,True,3
1007,7698622403,1749,6,True,5
1008,7698616930,2049,95,False,3
1009,7698601481,1764,119,True,8
1010,7698595473,1753,125,False,3
1011,7698592711,1984,71,False,3
1012,7698580859,1683,298,False,5
1013,7698579573,1830,173,False,3
1014,7698567802,1421,251,False,3
1015,7698558784,1738,175,True,3
1016,7698541953,2212,146,True,3
1017,7698540273,1592,172,False,3
1018,7698520463,2527,274,True,3
1019,7698492884,1672,175,True,3
1020,7698433885,2015,255,False,3
1021,7698402956,1925,92,False,3
1022,7698373795,2132,225,False,3
1023,7698335938,2023,169,False,3
1024,7698299877,1728,171,True,3
1025,7698256700,1783,193,True,3
1026,7698202169,1794,0,False,3
1027,7698150144,1789,131,True,3
1028,7698076452,2068,66,True,15
1029,7697951432,1948,23,True,15
1030,7697858128,2425,115,False,3
1031,7697820598,2212,180,False,15
1032,7697708416,2882,0,True,3
1033,7697614700,2186,193,False,3
1034,7697572847,2263,60,False,3
1035,7697422573,3488,461,True,3
1036,7697412247,2316,0,False,3
1037,7697355182,2951,92,False,5
1038,7697226325,2860,74,False,3
1039,7697191124,2674,3,True,5
1040,7697085510,1663,0,True,5
1041,7697022420,4016,137,False,3
1042,7697021788,2711,0,True,3
1043,7696907501,2175,0,False,3
1044,7696817753,2345,96,False,5
1045,7696815464,2457,0,False,3
1046,7696787052,1845,23,False,13
1047,7696760446,1674,153,True,8
1048,7696718270,2206,0,False,3
1049,7696705049,1841,127,True,13
1050,7696688668,1986,233,False,8
1051,7696684955,3200,0,False,5
1052,7696644444,1816,54,False,3
1053,7696628988,1794,180,True,8
1054,7696603521,1774,49,True,5
1055,7696580470,1300,19,False,8
1056,7696561641,3534,94,False,5
1057,7696542081,1569,82,True,5
1058,7696523849,1846,121,False,8
1059,7696480459,2694,0,True,5
1060,7696478589,1426,84,False,8
1061,7696471919,2241,139,False,5
1062,7696440251,1525,107,True,8
1063,7696420292,2172,218,False,5
1064,7696396817,1715,338,True,8
1065,7696358658,1557,292,False,8
1066,7696274950,1897,70,True,3
1067,7696225376,2940,283,False,3
1068,7696193378,1651,141,False,3
1069,7696155185,1581,182,True,3
1070,7696116083,2495,67,True,2
1071,7696108504,1921,193,False,3
1072,7696058506,2033,129,False,3
1073,7696006288,3871,138,True,2
1074,7695979892,1972,11,False,3
1075,7695907076,1734,147,True,3
1076,7695899795,4076,125,True,3
1077,7695899286,1909,115,False,2
1078,7695801420,2284,0,False,3
1079,7695720177,2102,97,True,unknown
1080,7695701541,1796,67,True,3
1081,7695567716,2610,6,False,15
1082,7695525786,1644,0,True,8
1083,7695412259,2952,0,False,3
1084,7695406122,2514,200,False,8
1085,7695361928,2672,92,True,8
1086,7695302615,1773,5,False,3
1087,7695290659,2059,20,True,8
1088,7695220451,2763,117,True,8
1089,7695173161,1650,306,False,3
1090,7695059210,1021,24,True,8
1091,7695017978,1214,0,True,3
1092,7694926107,1260,43,False,3
1093,7694902800,2643,6,False,8
1094,7694759334,2962,71,True,3
1095,7694746954,2241,107,False,8
1096,7694742081,2403,265,False,3
1097,7694684222,2749,133,True,5
1098,7694676168,1508,278,True,8
1099,7694662649,2918,299,False,5
1100,7694646264,2432,261,False,3
1101,7694641252,1861,0,False,3
1102,7694614437,1609,0,True,5
1103,7694577155,1583,48,False,5
1104,7694561659,2583,82,False,5
1105,7694503254,2889,0,True,5
1106,7694480273,2675,4,True,5
1107,7694448155,1579,0,True,5
1108,7694431912,1493,0,True,5
1109,7694403570,2637,143,False,5
1110,7694373850,2261,0,False,5
1111,7694342475,1934,318,True,5
1112,7694281361,2070,255,True,5
1113,7694272584,2214,41,False,5
1114,7694225732,1687,179,True,5
1115,7694200826,1854,104,True,5
1116,7694154386,1629,223,True,3
1117,7694115103,2392,17,True,3
1118,7694080485,2288,91,True,3
1119,7694048955,1603,7,False,3
1120,7694011028,1774,13,True,3
1121,7693964456,1870,62,True,3
1122,7693957481,3170,295,False,2
1123,7693938491,3678,8,False,3
1124,7693903866,2090,55,True,3
1125,7693857643,2143,150,True,3
1126,7693841269,1613,142,True,3
1127,7693830980,3247,441,False,3
1128,7693828409,3624,165,False,2
1129,7693747715,2900,11,True,3
1130,7693720128,2583,285,False,3
1131,7693663210,3227,10,False,2
1132,7693655776,2119,201,True,3
1133,7693627485,1237,9,False,3
1134,7693536649,1575,11,False,3
1135,7693532258,2138,0,True,2
1136,7693489015,3290,64,True,3
1137,7693447015,1948,20,True,8
1138,7693437479,1825,113,True,3
1139,7693375024,1847,8,True,3
1140,7693340087,1862,104,False,8
1141,7693301156,2548,69,True,3
1142,7693220167,2385,250,False,3
1143,7693149735,2385,82,True,3
1144,7693134666,1377,146,True,3
1145,7693019017,2944,5,True,3
1146,7693006937,2378,135,False,3
1147,7692901511,2316,7,False,3
1148,7692897557,2582,297,False,3
1149,7692830624,2022,16,True,3
1150,7692822561,1877,152,True,3
1151,7692811201,2883,154,False,3
1152,7692795337,3289,0,True,3
1153,7692781047,1485,62,False,3
1154,7692780788,1544,56,False,3
1155,7692740478,2531,83,False,3
1156,7692734943,1431,123,False,3
1157,7692730651,1634,140,False,3
1158,7692728260,1973,123,True,5
1159,7692716447,2157,9,True,3
1160,7692690259,1755,120,True,3
1161,7692684769,1416,115,True,3
1162,7692663944,2338,0,False,5
1163,7692657470,1573,95,True,3
1164,7692650111,1755,259,True,3
1165,7692640497,1465,61,False,3
1166,7692616325,1723,15,False,3
1167,7692611671,1569,132,False,3
1168,7692594185,2326,45,True,3
1169,7692584481,2882,0,True,5
1170,7692580220,1351,222,True,3
1171,7692574385,1839,136,False,3
1172,7692549976,2165,59,True,3
1173,7692546605,1593,219,False,5
1174,7692536247,2347,132,False,3
1175,7692534859,1863,10,True,3
1176,7692515292,1626,146,True,3
1177,7692514566,1033,117,False,5
1178,7692503416,1612,233,False,3
1179,7692494820,2083,38,True,3
1180,7692474175,1715,130,False,3
1181,7692469727,1772,128,False,3
1182,7692461522,1721,250,True,3
1183,7692434350,1526,119,True,3
1184,7692320971,2125,98,False,3
1185,7692282737,1759,207,True,3
1186,7692261116,1538,0,True,3
1187,7692251623,3668,321,False,2
1188,7692224239,2416,109,True,3
1189,7692184663,3979,387,False,2
1190,7692179557,2287,67,True,3
1191,7692128624,2176,68,False,3
1192,7692124261,1667,268,False,2
1193,7692066921,3261,67,False,8
1194,7692051041,2939,0,False,3
1195,7692002811,1747,0,False,unknown
1196,7691997006,2397,0,True,8
1197,7691982974,1596,92,True,3
1198,7691917602,2230,10,True,8
1199,7691904306,1783,139,False,3
1200,7691887822,2304,16,True,unknown
1201,7691814254,2781,38,False,8
1202,7691807464,2700,78,True,3
1203,7691762323,2260,118,False,8
1204,7691734605,2084,73,False,8
1205,7691701192,2523,108,True,3
1206,7691674281,2016,129,True,8
1207,7691647700,1953,107,False,8
1208,7691507348,2873,193,True,8
1209,7691488685,2868,228,False,3
1210,7691427199,2011,353,False,8
1211,7691406966,1485,0,False,3
1212,7691376740,2325,6,False,3
1213,7691350197,1212,146,False,3
1214,7691330800,2784,0,True,5
1215,7691330618,3221,75,False,8
1216,7691321982,2249,122,True,3
1217,7691308955,1703,606,True,3
1218,7691285668,1699,122,True,8
1219,7691283880,3327,0,False,3
1220,7691273349,1347,136,True,3
1221,7691273124,2604,56,False,5
1222,7691269861,1947,282,True,3
1223,7691247967,2054,102,True,3
1224,7691246559,1615,162,True,8
1225,7691234431,1642,158,True,3
1226,7691232939,1928,262,False,3
1227,7691221614,2293,151,False,3
1228,7691219288,2491,186,False,5
1229,7691201712,1894,180,False,3
1230,7691198218,2038,218,True,3
1231,7691181074,1981,121,False,3
1232,7691166448,1529,267,True,3
1233,7691165170,2604,226,True,13
1234,7691159412,2179,72,False,3
1235,7691141385,1961,267,False,3
1236,7691134839,1698,53,False,3
1237,7691123732,1781,0,False,3
1238,7691116797,2794,250,True,13
1239,7691112482,1573,161,True,3
1240,7691111121,1488,234,True,3
1241,7691095135,1682,0,True,3
1242,7691083842,1564,79,False,3
1243,7691072592,2279,94,False,3
1244,7691055006,4016,77,False,13
1245,7691052392,1947,167,True,3
1246,7691050924,1988,143,True,3
1247,7691046794,1629,144,False,3
1248,7691022959,1784,113,True,3
1249,7691021943,1440,373,False,3
1250,7691021337,2009,256,True,3
1251,7690990873,1838,97,True,3
1252,7690914192,3700,0,False,unknown
1253,7690900080,1606,285,False,3
1254,7690878816,1803,72,True,3
1255,7690865470,3573,22,True,15
1256,7690848687,2410,312,False,3
1257,7690823175,1867,209,False,3
1258,7690814428,3046,6,True,15
1259,7690793171,1967,182,False,3
1260,7690770084,2403,204,False,unknown
1261,7690762495,1762,261,False,3
1262,7690729856,1640,222,True,3
1263,7690723800,1058,57,True,unknown
1264,7690721562,1895,156,True,3
1265,7690665450,2296,98,False,3
1266,7690608079,1872,0,True,2
1267,7690580819,2440,249,False,3
1268,7690558361,1655,82,False,3
1269,7690510227,2707,36,True,2
1270,7690471515,2549,2,True,3
1271,7690324098,2088,0,False,3
1272,7690299871,439,132,True,3
1273,7690236115,1846,0,True,3
1274,7690114562,2716,13,False,3
1275,7690086853,1652,5,True,8
1276,7690011452,2088,195,True,3
1277,7690003472,1415,0,False,8
1278,7689941700,1662,107,True,8
1279,7689917838,1686,0,False,3
1280,7689904744,2024,306,False,3
1281,7689900762,2468,140,True,3
1282,7689898495,1386,85,True,8
1283,7689874349,2521,64,False,5
1284,7689871988,1447,48,False,3
1285,7689869479,2184,122,True,3
1286,7689856474,1807,215,True,8
1287,7689841778,1454,309,False,3
1288,7689829913,1827,17,True,3
1289,7689827325,2762,6,True,3
1290,7689815584,2545,53,True,5
1291,7689807112,2672,0,False,5
1292,7689802096,1831,133,False,3
1293,7689798597,2102,451,False,3
1294,7689790930,1857,252,False,3
1295,7689772181,1330,169,True,3
1296,7689762035,2515,204,True,17
1297,7689758659,1272,33,True,3
1298,7689751361,2471,85,True,3
1299,7689741178,3168,244,True,5
1300,7689737465,1924,31,True,3
1301,7689716466,2454,152,False,3
1302,7689716013,1938,117,False,3
1303,7689706373,3387,217,True,17
1304,7689701827,2235,133,False,3
1305,7689693898,1803,156,False,5
1306,7689683480,1734,258,False,3
1307,7689674890,1592,137,False,3
1308,7689673366,2065,1,True,3
1309,7689662254,1607,40,False,5
1310,7689656834,1696,133,True,3
1311,7689654399,2228,110,True,17
1312,7689646072,1644,75,False,3
1313,7689646063,2142,372,False,3
1314,7689626966,1606,116,True,3
1315,7689622989,1639,10,False,5
1316,7689622649,1441,377,False,3
1317,7689621298,1483,8,True,3
1318,7689593536,1773,123,True,3
1319,7689589954,1776,68,False,5
1320,7689510317,1965,225,False,2
1321,7689507882,2196,94,True,3
1322,7689487215,1688,423,False,3
1323,7689484277,1480,0,True,2
1324,7689466465,1515,293,False,3
1325,7689457411,1631,1,False,2
1326,7689444741,1892,11,False,3
1327,7689409571,1777,242,False,3
1328,7689404499,2470,273,False,15
1329,7689377233,2686,424,True,3
1330,7689359612,2230,0,True,3
1331,7689320316,1719,52,True,3
1332,7689318251,2339,48,True,3
1333,7689312527,3792,136,True,15
1334,7689249816,1861,348,True,3
1335,7689186928,1672,0,False,2
1336,7689145576,2452,11,True,3
1337,7689084905,2241,0,False,2
1338,7689022262,4003,304,False,3
1339,7688978126,1100,7,False,8
1340,7688910316,2604,0,True,3
1341,7688870679,2192,0,True,8
1342,7688762413,1829,186,False,3
1343,7688681911,2235,488,False,5
1344,7688643820,2423,154,True,8
1345,7688602905,3991,131,False,3
1346,7688597133,2078,115,False,5
1347,7688590357,1317,126,False,8
1348,7688535551,1999,198,True,3
1349,7688509293,2260,47,False,3
1350,7688501462,1512,86,False,3
1351,7688493738,1843,3,False,3
1352,7688491367,3613,0,False,5
1353,7688474328,918,183,True,8
1354,7688471003,1812,53,False,3
1355,7688461312,2076,85,False,3
1356,7688460624,1904,53,True,3
1357,7688452628,1619,133,False,3
1358,7688433679,1049,247,True,3
1359,7688433609,1564,0,False,8
1360,7688429228,1955,140,True,5
1361,7688426923,1417,235,False,3
1362,7688426697,1793,97,False,3
1363,7688408092,2074,28,False,3
1364,7688395432,1669,289,True,3
1365,7688391111,1652,183,False,3
1366,7688382319,2588,104,False,5
1367,7688374705,1412,244,False,3
1368,7688368536,1490,280,True,3
1369,7688362718,1551,35,False,3
1370,7688338128,2097,78,False,3
1371,7688331628,2127,60,False,5
1372,7688331208,1539,219,True,3
1373,7688330356,2053,149,False,3
1374,7688307349,1359,60,False,3
1375,7688303275,1889,128,False,3
1376,7688301527,1756,147,False,3
1377,7688275166,1623,135,False,3
1378,7688273404,1792,101,True,3
1379,7688271437,2126,58,True,3
1380,7688244697,1743,12,False,3
1381,7688244558,1625,221,True,3
1382,7688242079,1934,358,False,3
1383,7688220889,1532,660,False,3
1384,7688220651,1268,146,False,3
1385,7688211181,2461,95,False,3
1386,7688177150,2472,287,False,3
1387,7688111885,2565,5,False,2
1388,7688100602,1704,290,True,3
1389,7688082662,2306,0,True,2
1390,7688079883,1732,79,False,3
1391,7688054176,2256,318,True,3
1392,7688051508,2055,0,True,2
1393,7688027340,2176,218,False,3
1394,7688014871,1506,82,True,unknown
1395,7687995666,2048,157,False,3
1396,7687958436,2436,157,False,15
1397,7687957356,1948,163,False,3
1398,7687914589,1815,10,True,3
1399,7687897475,2365,268,True,3
1400,7687873819,2079,5,True,15
1401,7687840905,1782,260,True,3
1402,7687774565,3200,58,True,unknown
1403,7687758066,1726,133,True,3
1404,7687678198,2228,0,True,unknown
1405,7687669340,2522,0,False,8
1406,7687586099,1793,193,True,3
1407,7687573924,1841,74,False,8
1408,7687489160,1544,15,True,3
1409,7687471979,2205,0,False,8
1410,7687280811,1357,0,True,3
1411,7687238766,2015,106,False,8
1412,7687173121,1785,0,False,3
1413,7687170716,1954,19,True,8
1414,7687147824,2688,29,True,5
1415,7687140731,2174,271,True,3
1416,7687094663,2140,60,True,3
1417,7687083838,2145,231,True,3
1418,7687082854,2933,0,True,3
1419,7687068011,1606,192,False,3
1420,7687066777,2489,45,True,5
1421,7687060618,1513,210,True,3
1422,7687049103,1502,83,False,8
1423,7687046287,1734,96,True,3
1424,7687037481,1467,120,True,3
1425,7687023935,1649,86,True,3
1426,7687013166,2838,13,True,3
1427,7687009228,1901,70,True,3
1428,7687009015,1272,102,True,3
1429,7687002651,1800,87,True,8
1430,7686991920,1447,45,True,3
1431,7686974386,1974,78,False,5
1432,7686972508,1972,166,True,3
1433,7686968352,2177,185,False,3
1434,7686963719,1340,113,True,8
1435,7686956525,1692,63,True,3
1436,7686942714,1684,384,True,3
1437,7686926505,1553,369,False,3
1438,7686923552,1792,50,False,3
1439,7686921489,1906,137,False,5
1440,7686902876,2258,178,False,3
1441,7686888638,1780,199,False,3
1442,7686887409,1410,137,False,8
1443,7686881098,1509,118,True,3
1444,7686880938,1344,109,True,3
1445,7686851655,2481,89,False,3
1446,7686851538,1334,85,True,8
1447,7686851213,1868,291,True,3
1448,7686849436,2122,184,False,3
1449,7686829041,1409,62,True,3
1450,7686828993,1303,114,False,3
1451,7686812463,1781,228,False,3
1452,7686805094,1537,130,True,3
1453,7686797379,2498,154,False,3
1454,7686775887,1610,233,False,3
1455,7686723688,1776,98,True,3
1456,7686699458,1836,102,False,3
1457,7686668452,2593,175,False,3
1458,7686641777,2184,218,False,3
1459,7686611430,2261,34,False,3
1460,7686576598,1799,133,True,3
1461,7686535739,2117,240,True,3
1462,7686486497,1632,218,True,3
1463,7686429332,3210,128,False,3
1464,7686395200,3908,319,True,unknown
1465,7686342256,2003,56,True,3
1466,7686324334,1631,89,False,unknown
1467,7686301778,1567,9,False,8
1468,7686276280,2652,152,True,8
1469,7686265769,1827,118,True,3
1470,7686251961,1796,12,False,3
1471,7686237791,1307,26,True,unknown
1472,7686198981,2694,205,True,8
1473,7686183715,1688,133,False,3
1474,7686165027,2511,161,True,8
1475,7686151018,2637,80,False,3
1476,7686094129,3008,11,False,8
1477,7686080097,2921,75,True,8
1478,7686052684,2721,283,True,3
1479,7686034942,3423,201,False,3
1480,7686024382,2892,152,False,8
1481,7686020195,1838,7,False,8
1482,7686019582,1550,114,False,8
1483,7686007710,1861,65,True,8
1484,7685964955,1950,196,True,8
1485,7685939952,2938,226,False,3
1486,7685908180,2846,28,False,3
1487,7685871222,2427,0,False,8
1488,7685871060,2018,222,True,8
1489,7685871015,1582,115,True,8
1490,7685868859,1130,1,True,8
1491,7685867594,1066,50,True,8
1492,7685865693,1982,0,False,8
1493,7685865404,2244,228,True,8
1494,7685851866,2160,117,True,3
1495,7685800690,2668,6,True,3
1496,7685758885,2377,177,False,3
1497,7685743867,1992,225,True,8
1498,7685741013,2646,273,True,8
1499,7685740534,1350,149,False,8
1500,7685739893,2160,8,True,8
1501,7685738422,1412,0,True,8
1502,7685733253,1131,85,False,8
1503,7685732805,1044,67,False,8
1504,7685725368,1288,12,True,8
1505,7685721842,848,84,True,8
1506,7685720879,1303,10,False,8
1507,7685707132,2767,118,False,3
1508,7685622578,3111,0,False,3
1509,7685583908,1748,187,True,8
1510,7685571104,1273,7,False,8
1511,7685504791,1614,127,True,8
1512,7685500221,2204,0,False,8
1513,7685404664,1527,0,False,8
1514,7685335733,1955,0,True,8
1515,7684991863,1766,141,False,3
1516,7684967561,1539,135,True,3
1517,7684934568,2510,456,True,3
1518,7684912124,1489,158,True,3
1519,7684877777,1586,56,True,3
1520,7684837034,1696,49,True,3
1521,7684790310,1762,0,True,2
1522,7684787588,1830,91,True,3
1523,7684736277,2004,181,True,3
1524,7684715288,1195,149,False,2
1525,7684703932,2476,243,False,3
1526,7684627262,1695,8,True,3
1527,7684554661,2550,141,False,38
1528,7684535670,2012,98,True,3
1529,7684454064,1940,316,False,38
1530,7684452824,2770,74,False,8
1531,7684430865,1485,257,False,3
1532,7684420595,1421,0,False,8
1533,7684378263,1620,11,False,8
1534,7684354891,1520,6,False,3
1535,7684345034,2658,39,False,3
1536,7684266268,2640,9,False,8
1537,7684255342,3050,5,True,8
1538,7684238019,2205,148,True,3
1539,7684216500,2207,262,False,3
1540,7684213611,2059,5,True,3
1541,7684162667,1984,87,False,3
1542,7684143836,1659,123,True,8
1543,7684122701,1568,55,False,3
1544,7684082307,1482,63,True,3
1545,7684057767,2182,189,False,8
1546,7684030453,1514,313,True,3
1547,7683995269,3413,0,True,8
1548,7683961421,1774,202,False,3
1549,7683952382,1609,0,False,5
1550,7683910583,2744,139,False,3
1551,7683907201,1990,0,True,8
1552,7683902763,2422,48,True,8
1553,7683872532,1473,0,True,3
1554,7683862858,1593,132,True,5
1555,7683846590,1418,0,False,8
1556,7683846364,1474,0,False,8
1557,7683799378,1451,192,False,5
1558,7683793019,2010,127,True,3
1559,7683788122,1459,0,False,8
1560,7683774825,2213,321,False,3
1561,7683704809,2814,114,False,5
1562,7683704731,2500,199,False,3
1563,7683682392,1213,104,True,8
1564,7683680063,3017,243,True,3
1565,7683633660,1637,318,True,5
1566,7683609445,2809,116,True,3
1567,7683590914,3312,289,False,8
1568,7683533601,2674,337,True,5
1569,7683471674,1666,61,True,5
1570,7683426128,2020,0,False,5
1571,7683375905,1980,11,False,5
1572,7683334041,1846,102,True,5
1573,7683278181,1435,146,False,3
1574,7683244693,2483,266,True,3
1575,7683219069,1947,167,True,3
1576,7683187140,2111,367,True,3
1577,7683154153,2039,153,False,3
1578,7683108261,2471,35,False,3
1579,7683083220,1610,5,True,38
1580,7683054799,1956,203,False,3
1581,7683035523,3174,0,False,3
1582,7683007069,2237,131,True,38
1583,7683005304,1640,212,True,3
1584,7682937500,2902,314,True,3
1585,7682860792,1138,195,True,unknown
1586,7682830031,2688,19,False,3
1587,7682759622,2018,23,False,unknown
1588,7682679823,2285,96,True,8
1589,7682674702,1482,0,False,8
1590,7682665522,1276,40,False,3
1591,7682645800,3578,0,False,3
1592,7682577562,2443,138,True,8
1593,7682544109,2378,147,False,3
1594,7682537455,2113,66,False,8
1595,7682522502,1922,13,True,3
1596,7682451836,2532,5,True,8
1597,7682371131,2240,252,False,3
1598,7682363370,1926,40,True,8
1599,7682356317,2771,208,True,3
1600,7682320526,1288,7,True,8
1601,7682271158,1657,0,False,5
1602,7682242744,2441,285,True,3
1603,7682234726,3372,143,True,3
1604,7682173799,2523,111,False,5
1605,7682162807,1384,106,False,8
1606,7682154600,1087,86,False,3
1607,7682138578,1528,115,False,3
1608,7682118404,1173,0,True,5
1609,7682112528,2192,136,False,3
1610,7682105124,1916,319,True,3
1611,7682095135,2964,0,True,8
1612,7682074579,1581,108,False,3
1613,7682065931,1352,115,False,3
1614,7682062518,3337,146,False,3
1615,7682060302,1949,271,True,5
1616,7682050140,2312,182,True,3
1617,7682044738,1396,166,True,3
1618,7682025656,1971,70,False,3
1619,7682020291,1837,39,True,8
1620,7682009695,1567,102,False,3
1621,7682003323,1877,0,False,5
1622,7682001780,1747,214,False,3
1623,7681979949,1919,165,True,3
1624,7681975973,1668,283,True,3
1625,7681975254,2178,154,False,8
1626,7681968063,1883,69,True,3
1627,7681955181,1551,0,True,5
1628,7681940523,1838,21,False,3
1629,7681934513,2028,0,True,3
1630,7681926361,2124,207,False,3
1631,7681923828,2573,5,True,5
1632,7681908498,1479,57,True,3
1633,7681902197,1763,522,True,3
1634,7681899120,1682,107,True,3
1635,7681882692,1724,89,True,3
1636,7681873126,1694,435,False,3
1637,7681871944,3082,129,True,5
1638,7681861134,1786,177,False,3
1639,7681855135,1656,3,False,3
1640,7681833631,1674,43,False,3
1641,7681831232,1326,119,True,3
1642,7681831132,1616,2,False,5
1643,7681829965,1721,132,False,3
1644,7681799041,1834,61,False,3
1645,7681792207,2042,117,True,5
1646,7681697649,1721,110,False,3
1647,7681672645,1885,64,True,3
1648,7681640446,2573,110,False,3
1649,7681610831,1945,112,True,3
1650,7681584612,1324,107,True,2
1651,7681575188,1964,168,True,3
1652,7681538176,1590,154,False,3
1653,7681511093,2373,0,True,2
1654,7681502111,1484,165,True,3
1655,7681449074,1827,118,False,unknown
1656,7681363863,2508,6,False,15
1657,7681279327,2014,13,True,unknown
1658,7681238577,1780,5,False,8
1659,7681206380,1754,241,False,3
1660,7681140254,1889,340,True,3
1661,7681138656,2232,276,True,8
1662,7681118460,2533,0,False,8
1663,7681079989,2988,261,False,3
1664,7681060224,1105,5,True,8
1665,7681048370,1778,4,True,8
1666,7681024952,2186,248,False,3
1667,7680985823,1659,67,False,3
1668,7680883955,2504,13,True,8
1669,7680873723,2696,305,False,3
1670,7680865745,1844,268,True,3
1671,7680849556,2307,253,True,5
1672,7680821952,1568,121,False,8
1673,7680764949,3119,236,False,3
1674,7680761553,1673,75,True,3
1675,7680759135,1553,151,False,8
1676,7680732045,2186,103,False,3
1677,7680721054,4140,218,True,5
1678,7680701451,2455,145,False,3
1679,7680700624,1886,357,False,3
1680,7680687778,1487,336,False,3
1681,7680681153,3119,23,True,8
1682,7680663678,1690,0,True,5
1683,7680655877,1763,138,False,3
1684,7680649294,1641,121,False,3
1685,7680614480,1463,303,False,3
1686,7680611298,2145,131,True,8
1687,7680605965,3775,81,True,3
1688,7680605438,1748,124,True,3
1689,7680599972,1901,0,True,5
1690,7680578405,1859,95,False,3
1691,7680568869,1541,11,False,3
1692,7680564951,1898,0,True,8
1693,7680563989,1016,84,True,5
1694,7680555348,1723,183,False,3
1695,7680547976,1431,103,False,3
1696,7680535773,1720,87,False,3
1697,7680520471,1457,183,True,3
1698,7680519380,2032,8,True,8
1699,7680516068,1503,407,True,3
1700,7680514046,2127,156,True,5
1701,7680496954,2166,281,False,3
1702,7680478833,1680,0,False,3
1703,7680475584,2725,224,False,3
1704,7680460443,2174,203,False,3
1705,7680447186,1825,46,True,3
1706,7680442869,1859,132,True,3
1707,7680421377,1307,197,True,3
1708,7680418345,2361,306,False,3
1709,7680417702,1649,93,False,3
1710,7680410431,1502,0,True,5
1711,7680388105,1671,31,True,3
1712,7680386615,1720,73,True,3
1713,7680385909,2496,112,True,3
1714,7680380695,1372,9,False,5
1715,7680353703,1880,313,True,3
1716,7680281209,2025,149,False,3
1717,7680255485,1840,141,False,3
1718,7680232984,1975,154,False,3
1719,7680211766,1479,166,False,3
1720,7680180344,2463,63,True,3
1721,7680146391,1862,133,True,3
1722,7680136245,2375,6,True,unknown
1723,7680107099,1669,146,False,3
1724,7680067534,2750,4,False,unknown
1725,7680066257,1574,222,True,3
1726,7679941844,2568,140,False,38
1727,7679882766,2922,292,False,3
1728,7679875888,1935,21,False,3
1729,7679864392,2557,136,False,3
1730,7679832490,2531,209,False,38
1731,7679792218,1943,252,True,3
1732,7679791994,2217,528,False,3
1733,7679791197,2352,12,True,8
1734,7679784808,1988,0,True,3
1735,7679771773,1254,0,False,8
1736,7679708072,2486,15,True,8
1737,7679700572,1853,0,True,8
1738,7679678453,1529,79,False,3
1739,7679658443,3331,78,False,3
1740,7679656977,2636,313,False,3
1741,7679635719,1653,0,True,8
1742,7679623573,1414,93,True,8
1743,7679562185,2488,327,True,3
1744,7679538406,2229,102,False,3
1745,7679480744,2831,124,False,8
1746,7679462885,1902,181,True,8
1747,7679428305,2458,171,True,3
1748,7679404771,1924,21,False,3
1749,7679389833,1512,143,False,8
1750,7679379757,2196,5,True,5
1751,7679378291,2629,5,True,8
1752,7679318479,2007,0,False,3
1753,7679313732,2548,367,False,3
1754,7679287888,1859,70,True,3
1755,7679279383,2685,182,False,5
1756,7679263418,1865,147,False,3
1757,7679250804,1251,51,False,3
1758,7679245220,2044,313,False,8
1759,7679231574,2317,6,False,3
1760,7679223833,2014,57,True,3
1761,7679221635,1267,0,True,5
1762,7679219510,1993,6,True,3
1763,7679199376,1705,284,True,3
1764,7679199036,1638,239,True,8
1765,7679176907,1889,134,False,3
1766,7679167918,1789,115,False,3
1767,7679167298,1666,25,False,5
1768,7679162602,4086,164,True,3
1769,7679159965,2037,110,False,3
1770,7679154812,1771,158,False,3
1771,7679152125,2736,301,True,3
1772,7679140408,1573,392,False,3
1773,7679128973,1754,39,True,3
1774,7679122366,2492,314,True,8
1775,7679115524,1644,94,False,3
1776,7679103092,1775,113,False,5
1777,7679099137,2159,243,False,3
1778,7679083724,1620,0,True,3
1779,7679074608,1759,344,False,3
1780,7679072221,1920,12,False,8
1781,7679067716,1552,184,False,3
1782,7679054008,1383,72,True,5
1783,7679039165,1905,235,False,3
1784,7679038230,1422,318,True,3
1785,7679034279,1736,250,True,3
1786,7679000901,1288,444,True,3
1787,7679000885,1500,192,False,3
1788,7678991582,1812,111,False,3
1789,7678970037,1745,200,False,3
1790,7678962114,1829,303,True,3
1791,7678961660,1576,315,False,3
1792,7678953267,1480,0,False,5
1793,7678944883,1522,113,True,3
1794,7678918496,1878,6,False,3
1795,7678917639,1499,0,True,5
1796,7678915627,1662,462,True,3
1797,7678914926,2199,133,True,3
1798,7678883876,2103,182,True,3
1799,7678836535,1712,343,True,3
1800,7678809338,2020,163,True,3
1801,7678783488,1913,271,True,3
